epoch,time,train/box_loss,train/cls_loss,train/dfl_loss,metrics/precision(B),metrics/recall(B),metrics/mAP50(B),metrics/mAP50-95(B),val/box_loss,val/cls_loss,val/dfl_loss,lr/pg0,lr/pg1,lr/pg2
1,-59.8725,0.46436,0.84973,1.15548,0.00663,1,0.00743,0.00415,1.79039,52.3116,1.71097,0.09076,9.33333e-05,9.33333e-05
2,-51.8479,0.48915,0.5576,1.10046,0.00823,1,0.01395,0.00905,1.52578,3.32772,1.74091,0.08086,0.000193333,0.000193333
3,-43.9789,0.40966,0.4615,1.0622,0.00735,1,0.00867,0.00379,2.34303,415.688,5.22677,0.07096,0.000293331,0.000293331
4,-36.3832,0.45646,0.47684,1.06803,0.0841,0.3178,0.11251,0.03492,1.98836,10.4543,3.20712,0.06106,0.000393325,0.000393325
5,-28.6681,0.455,0.45407,1.06807,0.08483,0.98305,0.08983,0.04327,2.35008,864.673,66.774,0.05116,0.000493315,0.000493315
6,-21.0633,0.49464,0.52711,1.08518,0.08283,0.99153,0.08609,0.04128,2.66065,608.992,52.179,0.04126,0.000593299,0.000593299
7,-13.693,0.41749,0.40876,1.02945,0.03657,0.80932,0.03345,0.00676,3.59499,5.49428,45.9781,0.0313599,0.000693275,0.000693275
8,-6.30394,0.46453,0.46747,1.08956,0.15208,0.63983,0.51902,0.08235,2.30025,13.5932,10.7771,0.0214599,0.000793242,0.000793242
9,1.27671,0.48061,0.45744,1.08659,0.21372,0.99576,0.63471,0.1891,1.8436,22.2121,11.7739,0.0115599,0.000893199,0.000893199
10,8.61345,0.42602,0.42933,1.03503,0.52694,0.82203,0.5796,0.20096,2.4257,3.36003,4.12826,0.00165981,0.000993145,0.000993145
11,16.0004,0.46726,0.3956,1.08951,0.66922,0.88136,0.91174,0.5507,1.36509,2.08313,2.08575,0.000999766,0.000999766,0.000999766
12,23.6219,0.4421,0.39376,1.08295,0.5001,0.9661,0.49461,0.20758,1.94236,3.12178,4.52174,0.000999716,0.000999716,0.000999716
13,31.0436,0.43499,0.3909,1.05887,0.00124,0.00424,0.00025,0.00011,4.26456,7.14318,6.4206,0.000999662,0.000999662,0.000999662
14,38.232,0.37403,0.38277,1.02947,0.02357,0.16525,0.00639,0.00087,3.96965,8.78625,6.75359,0.000999604,0.000999604,0.000999604
15,45.5246,0.37277,0.3421,1.02669,0.00161,0.09746,0.00088,0.00046,2.43307,13.0936,2.65072,0.000999541,0.000999541,0.000999541
16,52.7581,0.37191,0.34251,1.01011,0.00084,0.01271,0.00021,4e-05,2.87618,18.3827,3.26382,0.000999473,0.000999473,0.000999473
17,60.0521,0.39762,0.34601,1.06185,0.00981,0.44492,0.00762,0.00222,1.94392,6.90735,2.44501,0.0009994,0.0009994,0.0009994
18,135.16,0.3543,0.33235,1.0171,0.11759,0.23305,0.03484,0.01037,2.3474,5.32896,3.2754,0.000999323,0.000999323,0.000999323
19,74.5552,0.35665,0.33985,1.00055,0.07747,0.38559,0.05755,0.0167,3.23206,4.58964,4.06375,0.000999241,0.000999241,0.000999241
20,81.8063,0.37619,0.34625,1.02579,0.17865,0.72881,0.15811,0.03172,3.681,6.48518,4.89595,0.000999154,0.000999154,0.000999154
21,89.0171,0.33967,0.31348,1.0006,0.92938,0.74576,0.83095,0.08929,3.40609,4.90092,4.95302,0.000999063,0.000999063,0.000999063
22,96.203,0.30863,0.30054,0.99145,0.46608,0.73305,0.65505,0.18723,2.25024,3.87826,2.88021,0.000998967,0.000998967,0.000998967
23,103.492,0.29458,0.29798,0.98234,0.3835,0.70763,0.4287,0.08831,2.9912,4.61111,3.89949,0.000998866,0.000998866,0.000998866
24,110.681,0.34663,0.29339,1.00338,0.4195,0.72881,0.3483,0.15341,2.15748,4.91373,2.66743,0.000998761,0.000998761,0.000998761
25,117.921,0.33741,0.2853,0.99643,0.48303,0.72881,0.58356,0.10243,3.47428,2.94129,4.02307,0.00099865,0.00099865,0.00099865
26,125.122,0.31759,0.28443,0.98269,0.24879,0.74153,0.70609,0.25223,2.29512,5.76154,2.88573,0.000998536,0.000998536,0.000998536
27,200.298,0.34155,0.2819,0.99357,0.59613,0.74576,0.83908,0.61687,1.53078,3.00983,2.01751,0.000998416,0.000998416,0.000998416
28,139.957,0.3565,0.29335,0.99941,0.63716,0.7161,0.56534,0.4126,1.37549,3.01673,1.97439,0.000998292,0.000998292,0.000998292
29,147.281,0.32983,0.29138,1.00582,0.00037,0.00424,0.00019,4e-05,2.25001,5.78751,3.18246,0.000998163,0.000998163,0.000998163
30,154.59,0.30953,0.26963,1.00881,0,0,0,0,2.25171,6.40902,3.22719,0.00099803,0.00099803,0.00099803
31,161.949,0.32988,0.29573,1.00338,0.1144,0.30085,0.08341,0.01292,3.23996,3.56186,3.41256,0.000997892,0.000997892,0.000997892
32,169.3,0.31124,0.27724,0.98111,0.06901,0.69068,0.09365,0.0198,3.6076,4.67255,4.08714,0.000997749,0.000997749,0.000997749
33,176.677,0.28498,0.2637,0.97765,0.0376,0.00424,0.00193,0.00019,2.65161,5.04535,3.60135,0.000997602,0.000997602,0.000997602
34,183.982,0.29454,0.27852,0.98328,0.19997,0.00424,0.00194,0.00061,2.35657,5.4693,3.24403,0.00099745,0.00099745,0.00099745
35,191.265,0.28955,0.26066,0.99037,0.00258,0.00847,0.0013,0.00032,2.31892,5.42689,3.10496,0.000997293,0.000997293,0.000997293
36,198.658,0.29345,0.28831,0.9851,0.00159,0.00424,0.0008,8e-05,2.02419,5.66119,3.05304,0.000997131,0.000997131,0.000997131
37,206.257,0.29437,0.27634,0.97341,0.19509,0.58129,0.15522,0.07785,1.96894,4.43206,2.60387,0.000996965,0.000996965,0.000996965
38,213.607,0.26103,0.24458,0.967,0.06116,0.60593,0.07979,0.05918,3.07023,3.78156,3.4702,0.000996795,0.000996795,0.000996795
39,220.932,0.24466,0.25352,0.96269,0.04312,0.0678,0.04475,0.02271,3.71315,3.77179,4.1839,0.000996619,0.000996619,0.000996619
40,228.191,0.24025,0.22836,0.94361,0.09368,0.02119,0.01957,0.01074,3.52611,3.1999,4.21257,0.000996439,0.000996439,0.000996439
41,235.654,0.26055,0.23925,0.94566,0.038,0.20339,0.04951,0.01398,2.2805,4.8392,2.94153,0.000996254,0.000996254,0.000996254
42,242.861,0.2666,0.24801,0.95802,0.43512,0.02119,0.03934,0.00904,2.34723,5.56919,3.02477,0.000996065,0.000996065,0.000996065
43,249.851,0.28682,0.25253,0.97078,0.15789,0.01271,0.08758,0.01811,2.03771,5.50424,3.08478,0.000995871,0.000995871,0.000995871
44,257.136,0.27702,0.26397,0.95431,0.9351,0.00424,0.00682,0.00216,2.10473,5.54837,3.04566,0.000995672,0.000995672,0.000995672
45,264.535,0.27867,0.26998,0.97378,0.969,0.00847,0.00541,0.00135,1.99849,5.64088,2.87366,0.000995469,0.000995469,0.000995469
46,271.857,0.22707,0.22633,0.95677,0.9442,0.00847,0.00761,0.00344,1.95938,5.51654,2.75092,0.000995261,0.000995261,0.000995261
47,279.161,0.26335,0.24279,0.95631,0.35121,0.08898,0.15572,0.0477,3.08035,3.17093,2.97267,0.000995049,0.000995049,0.000995049
48,286.447,0.24492,0.24065,0.93676,0.79152,0.66949,0.59812,0.09134,2.99525,3.11393,3.19228,0.000994831,0.000994831,0.000994831
49,293.741,0.2286,0.22624,0.94137,0.86007,0.55508,0.57491,0.18066,2.61619,2.86112,2.94806,0.00099461,0.00099461,0.00099461
50,301.026,0.22403,0.21995,0.9537,0.86046,0.7055,0.7255,0.25872,1.89599,2.72351,2.4931,0.000994383,0.000994383,0.000994383
51,308.243,0.22402,0.22654,0.93107,0.99006,0.73305,0.74732,0.16251,2.46544,2.62825,2.63341,0.000994152,0.000994152,0.000994152
52,315.415,0.21356,0.22858,0.93475,0.98314,0.74123,0.75133,0.51092,1.84,2.04295,2.48259,0.000993916,0.000993916,0.000993916
53,322.819,0.2304,0.21934,0.94412,0.98915,0.74153,0.8277,0.46396,2.26568,1.09378,3.16451,0.000993676,0.000993676,0.000993676
54,330.199,0.22186,0.21949,0.93907,0.99393,0.73729,0.75761,0.44999,2.47046,1.03508,3.03848,0.000993431,0.000993431,0.000993431
55,337.461,0.23037,0.22678,0.93372,0.74686,0.88559,0.87094,0.41853,2.36573,2.00989,2.56613,0.000993181,0.000993181,0.000993181
56,344.697,0.25124,0.24735,0.94821,0.96835,0.38888,0.9794,0.60542,1.84135,1.71516,2.699,0.000992927,0.000992927,0.000992927
57,352.155,0.27843,0.2409,0.97087,0.96373,0.33781,0.80824,0.21587,3.09322,1.74959,3.44887,0.000992668,0.000992668,0.000992668
58,359.451,0.26173,0.23641,0.96679,0.20803,0.98729,0.36347,0.11831,2.74698,2.16902,2.59075,0.000992405,0.000992405,0.000992405
59,366.737,0.23833,0.22387,0.94766,0.16089,0.01695,0.01519,0.00393,3.00234,4.13125,2.69577,0.000992136,0.000992136,0.000992136
60,373.973,0.25908,0.23019,0.95549,0.11048,0.04237,0.02722,0.00756,3.19824,3.36991,3.31662,0.000991864,0.000991864,0.000991864
61,381.272,0.26192,0.22975,0.96299,0.07111,0.19885,0.09962,0.02652,2.74067,3.34516,2.58321,0.000991586,0.000991586,0.000991586
62,388.474,0.2475,0.22658,0.9633,0.18336,0.27966,0.1059,0.02672,2.87392,2.85266,2.73791,0.000991305,0.000991305,0.000991305
63,395.703,0.28184,0.24286,0.97932,0.25321,0.67797,0.1996,0.1338,1.9985,3.10889,2.90157,0.000991018,0.000991018,0.000991018
64,402.937,0.26085,0.24526,0.96186,0.40263,0.62712,0.30899,0.10045,2.21222,4.00361,2.90988,0.000990727,0.000990727,0.000990727
65,410.278,0.23004,0.21432,0.94253,0.55207,0.66949,0.4602,0.06713,3.6122,3.7497,3.61516,0.000990431,0.000990431,0.000990431
66,417.506,0.23863,0.22598,0.95488,0.14602,0.68644,0.13681,0.02566,3.09482,3.18763,3.08458,0.000990131,0.000990131,0.000990131
67,424.866,0.22329,0.20289,0.9438,0.307,0.65678,0.31846,0.2044,1.89234,3.26447,2.447,0.000989826,0.000989826,0.000989826
68,432.133,0.20825,0.19776,0.92512,0.91694,0.67797,0.6896,0.46097,2.0022,2.32533,2.48657,0.000989516,0.000989516,0.000989516
69,439.457,0.22059,0.2229,0.94406,0.47906,0.72458,0.5411,0.39598,1.61184,2.23994,2.24128,0.000989202,0.000989202,0.000989202
70,446.682,0.21566,0.21625,0.91745,0.95368,0.73729,0.7452,0.56792,1.67489,1.56671,2.59325,0.000988884,0.000988884,0.000988884
71,453.932,0.2082,0.20901,0.92792,0.56287,0.72458,0.67188,0.4943,1.81985,2.03951,3.14951,0.00098856,0.00098856,0.00098856
72,461.209,0.21756,0.21964,0.93323,0.42236,0.88983,0.43857,0.25502,1.79469,2.90626,3.43677,0.000988233,0.000988233,0.000988233
73,468.481,0.22004,0.21031,0.93327,0.97273,0.99153,0.98563,0.72955,1.29093,0.64368,2.85189,0.0009879,0.0009879,0.0009879
74,475.863,0.21976,0.2138,0.93016,0.96325,0.99964,0.98625,0.72628,1.22505,0.79693,2.46491,0.000987563,0.000987563,0.000987563
75,483.05,0.20758,0.20767,0.93388,0.97965,0.99576,0.99181,0.63611,1.47057,0.737,2.55383,0.000987222,0.000987222,0.000987222
76,490.392,0.21795,0.21947,0.92296,0.9975,1,0.995,0.57303,1.71258,0.81469,3.38746,0.000986876,0.000986876,0.000986876
77,565.606,0.20454,0.19767,0.93674,0.98131,0.99153,0.99405,0.75102,1.03644,0.58234,2.09457,0.000986525,0.000986525,0.000986525
78,505.182,0.18193,0.19993,0.91394,0.99578,0.99947,0.99496,0.75983,1.16688,0.61992,2.07695,0.00098617,0.00098617,0.00098617
79,580.613,0.19155,0.18426,0.90889,0.94682,0.90254,0.96429,0.73397,1.2817,0.87536,2.20877,0.00098581,0.00098581,0.00098581
80,520.117,0.19887,0.19636,0.919,0.94211,0.73305,0.83549,0.34231,1.64705,1.51189,2.41107,0.000985446,0.000985446,0.000985446
81,527.455,0.18225,0.18804,0.91403,0.9451,1,0.98796,0.75546,0.99518,0.67544,2.05924,0.000985077,0.000985077,0.000985077
82,534.74,0.18819,0.18198,0.91972,0.84422,0.98739,0.97902,0.87798,0.70884,0.48817,1.70303,0.000984704,0.000984704,0.000984704
83,542.266,0.18401,0.17835,0.9214,0.99795,1,0.995,0.88426,0.74614,0.43063,1.72294,0.000984326,0.000984326,0.000984326
84,549.835,0.19139,0.19323,0.92136,0.95087,0.98419,0.9892,0.84977,0.81856,0.55999,1.62845,0.000983943,0.000983943,0.000983943
85,557.155,0.18382,0.17868,0.91325,0.91964,0.95339,0.98011,0.69589,1.29319,0.68979,2.13189,0.000983556,0.000983556,0.000983556
86,564.387,0.18105,0.18342,0.91778,0.96637,0.85244,0.93479,0.67056,1.4233,0.69375,2.40845,0.000983165,0.000983165,0.000983165
87,571.635,0.18013,0.18385,0.91945,0.90562,0.97034,0.98386,0.73607,1.19786,0.99478,2.39802,0.000982769,0.000982769,0.000982769
88,579.122,0.17742,0.18145,0.92009,0.99336,1,0.995,0.72435,0.99757,1.17571,2.23584,0.000982368,0.000982368,0.000982368
89,586.514,0.16905,0.18047,0.92806,0.98037,0.99153,0.98815,0.82789,0.88699,0.64919,1.82828,0.000981963,0.000981963,0.000981963
90,593.822,0.18861,0.19232,0.91246,0.98286,0.99153,0.98836,0.82784,0.8874,0.72314,1.80285,0.000981554,0.000981554,0.000981554
91,601.204,0.17074,0.18226,0.90332,0.93829,0.76271,0.81576,0.61654,1.32825,1.39238,2.21337,0.00098114,0.00098114,0.00098114
92,608.512,0.19691,0.20217,0.92587,0.4518,0.77542,0.43862,0.13939,1.96945,2.96364,2.96634,0.000980721,0.000980721,0.000980721
93,615.93,0.17526,0.17982,0.93716,0.38693,0.72881,0.38128,0.08019,2.80773,3.26526,3.61004,0.000980298,0.000980298,0.000980298
94,623.219,0.18514,0.18522,0.90975,0.22743,0.73305,0.24895,0.10644,1.94976,2.89086,2.84275,0.00097987,0.00097987,0.00097987
95,630.584,0.20478,0.17456,0.93539,0.18465,0.95339,0.28002,0.08941,2.49206,2.87692,2.96344,0.000979438,0.000979438,0.000979438
96,705.876,0.18135,0.17289,0.90902,0.28154,0.66525,0.22918,0.04138,3.52015,3.31322,3.94619,0.000979002,0.000979002,0.000979002
97,645.285,0.18319,0.17119,0.92365,0.03838,0.47881,0.03408,0.00508,2.82987,5.05238,3.26132,0.000978561,0.000978561,0.000978561
98,652.604,0.17725,0.18326,0.91575,0.0382,0.16949,0.02951,0.00752,2.59763,4.95034,2.89538,0.000978115,0.000978115,0.000978115
99,659.984,0.1819,0.17317,0.91539,0.96533,0.75,0.75974,0.53084,1.59548,2.06994,2.11061,0.000977665,0.000977665,0.000977665
100,667.525,0.17304,0.17606,0.91248,0.96615,0.73729,0.7431,0.35821,2.07274,2.9885,2.34419,0.000977211,0.000977211,0.000977211
101,675.012,0.16689,0.17602,0.92107,0.98464,0.74153,0.75195,0.39962,1.49194,2.51131,1.89647,0.000976752,0.000976752,0.000976752
102,682.267,0.15961,0.1671,0.91456,0.99579,0.74153,0.80727,0.54119,1.60903,1.6834,2.15579,0.000976288,0.000976288,0.000976288
103,689.488,0.16714,0.17561,0.90691,0.97003,1,0.99205,0.75195,1.30511,0.75122,2.09428,0.000975821,0.000975821,0.000975821
104,696.912,0.15703,0.16091,0.90045,0.9993,1,0.995,0.79009,1.15223,0.51044,2.37524,0.000975348,0.000975348,0.000975348
105,704.215,0.16754,0.17083,0.91116,0.99511,0.99576,0.9939,0.75032,1.27143,0.60479,2.5152,0.000974872,0.000974872,0.000974872
106,711.385,0.17008,0.17296,0.90689,0.99156,0.99508,0.98994,0.73964,1.40679,0.51824,2.7629,0.000974391,0.000974391,0.000974391
107,718.624,0.15157,0.16157,0.91465,0.99069,0.99576,0.99015,0.72283,1.4211,0.52216,2.69227,0.000973905,0.000973905,0.000973905
108,725.862,0.14649,0.16141,0.89206,0.98902,0.99576,0.99038,0.6588,1.55,0.58101,2.65448,0.000973415,0.000973415,0.000973415
109,800.95,0.16138,0.16607,0.90844,0.98523,0.99576,0.99241,0.64291,1.54344,0.54871,2.83119,0.000972921,0.000972921,0.000972921
110,740.29,0.16802,0.17163,0.90818,0.97355,0.99576,0.98997,0.62566,1.65162,0.62039,2.7259,0.000972422,0.000972422,0.000972422
111,747.465,0.1496,0.16676,0.90514,0.99872,1,0.995,0.66244,1.44837,0.59007,2.7944,0.000971918,0.000971918,0.000971918
112,754.725,0.15657,0.15894,0.91705,0.98681,1,0.99154,0.70859,1.28544,0.62859,2.86939,0.000971411,0.000971411,0.000971411
113,761.949,0.15674,0.15346,0.90737,0.97514,0.99743,0.98988,0.7125,1.34645,0.81537,3.00334,0.000970899,0.000970899,0.000970899
114,769.142,0.15109,0.15739,0.90153,0.99557,1,0.995,0.7746,1.01462,0.61579,2.27226,0.000970382,0.000970382,0.000970382
115,776.34,0.14397,0.15175,0.89305,0.99507,0.99576,0.99085,0.81555,0.75105,0.46702,1.99794,0.000969861,0.000969861,0.000969861
116,783.501,0.15369,0.16302,0.90764,0.98196,0.99576,0.99003,0.77353,0.88084,0.53202,2.10749,0.000969336,0.000969336,0.000969336
117,790.71,0.1444,0.14883,0.91573,0.97788,0.99153,0.97884,0.76888,0.86185,0.50824,1.96109,0.000968806,0.000968806,0.000968806
118,797.856,0.15331,0.16202,0.90304,0.97451,0.98729,0.96936,0.84788,0.72004,0.45951,1.80005,0.000968272,0.000968272,0.000968272
119,805.045,0.15866,0.15865,0.91703,0.98548,0.99153,0.98901,0.85818,0.79568,0.51248,1.93471,0.000967734,0.000967734,0.000967734
120,812.24,0.14786,0.15035,0.91366,0.99399,0.99576,0.995,0.757,1.0891,0.60756,2.93149,0.000967191,0.000967191,0.000967191
121,819.512,0.15156,0.14841,0.91003,0.99834,1,0.995,0.7623,1.05512,0.67601,2.74111,0.000966644,0.000966644,0.000966644
122,826.723,0.14815,0.15536,0.90617,0.99904,1,0.995,0.78271,1.03681,0.64102,2.32675,0.000966092,0.000966092,0.000966092
123,834.007,0.14666,0.14975,0.91676,0.94648,1,0.98803,0.78678,1.0316,0.54036,2.27267,0.000965536,0.000965536,0.000965536
124,841.246,0.15142,0.15164,0.90228,0.98607,1,0.99393,0.79794,1.08819,0.54559,2.3998,0.000964976,0.000964976,0.000964976
125,848.53,0.14813,0.14874,0.90589,0.9935,0.91102,0.91921,0.79614,0.88561,0.47332,2.15069,0.000964412,0.000964412,0.000964412
126,855.736,0.13875,0.15399,0.90235,0.99745,1,0.995,0.87959,0.76016,0.46466,1.99386,0.000963843,0.000963843,0.000963843
127,863.007,0.15178,0.1607,0.91484,0.97897,1,0.99232,0.88279,0.64437,0.37646,1.71593,0.00096327,0.00096327,0.00096327
128,870.331,0.15565,0.15263,0.91471,0.96124,1,0.98947,0.7908,1.04259,0.68533,1.81408,0.000962692,0.000962692,0.000962692
129,877.658,0.14066,0.1533,0.91014,0.92567,0.77542,0.88828,0.64147,1.23952,1.08754,1.98709,0.00096211,0.00096211,0.00096211
130,884.988,0.14815,0.15168,0.91,0.7329,0.73248,0.81256,0.55504,1.25974,1.08624,2.49092,0.000961524,0.000961524,0.000961524
131,892.27,0.13914,0.14183,0.8922,0.98154,1,0.98581,0.72428,1.30332,1.21305,3.25023,0.000960933,0.000960933,0.000960933
132,899.629,0.1481,0.14877,0.91402,0.96903,0.92807,0.97804,0.66621,1.55489,1.47207,3.30205,0.000960339,0.000960339,0.000960339
133,907.242,0.14182,0.14377,0.896,0.96692,0.99082,0.99096,0.73739,1.27332,0.60579,3.13062,0.00095974,0.00095974,0.00095974
134,914.566,0.16006,0.17286,0.93426,0.98318,0.99077,0.99373,0.77106,1.10339,0.47154,2.75704,0.000959136,0.000959136,0.000959136
135,921.862,0.15549,0.14793,0.91161,0.97779,0.99576,0.99176,0.83418,0.9057,0.67338,2.03306,0.000958529,0.000958529,0.000958529
136,929.175,0.17148,0.17359,0.91075,0.94681,0.74153,0.85865,0.6517,1.26706,1.17653,2.31382,0.000957917,0.000957917,0.000957917
137,937.019,0.16128,0.16307,0.89986,0.92965,0.75424,0.97328,0.75422,1.0474,1.19177,1.57379,0.0009573,0.0009573,0.0009573
138,944.328,0.15846,0.16721,0.90976,0.92078,0.97881,0.97966,0.66105,1.47217,0.77863,1.82574,0.00095668,0.00095668,0.00095668
139,951.607,0.1645,0.16306,0.91356,0.90178,0.74153,0.77512,0.14889,3.53592,1.67233,4.87918,0.000956055,0.000956055,0.000956055
140,958.693,0.14445,0.15687,0.92183,0.69309,0.77542,0.76763,0.16931,3.37339,1.85952,4.64346,0.000955426,0.000955426,0.000955426
141,965.937,0.14557,0.15162,0.90182,0.70532,0.63559,0.71549,0.22668,2.39774,1.68533,2.96149,0.000954793,0.000954793,0.000954793
142,973.246,0.15547,0.15712,0.91619,0.95675,0.78814,0.93165,0.7579,0.94149,0.75008,2.1912,0.000954155,0.000954155,0.000954155
143,980.655,0.16735,0.15828,0.92625,0.99121,1,0.99462,0.72151,1.23035,0.52592,2.91439,0.000953514,0.000953514,0.000953514
144,987.98,0.14563,0.14791,0.91853,0.9848,0.99153,0.9936,0.725,1.27507,0.68951,3.24574,0.000952868,0.000952868,0.000952868
145,995.427,0.14886,0.15352,0.90109,0.98716,0.99576,0.995,0.74135,1.1902,0.79399,3.05891,0.000952217,0.000952217,0.000952217
146,1002.85,0.14593,0.14836,0.91772,0.99578,0.99914,0.995,0.74933,1.13899,0.77343,2.85898,0.000951563,0.000951563,0.000951563
147,1010.27,0.14975,0.15008,0.89709,0.98786,0.99576,0.9944,0.72682,1.14297,0.85282,2.54375,0.000950904,0.000950904,0.000950904
148,1017.64,0.14666,0.15088,0.89936,0.98645,0.99153,0.9941,0.85427,0.72142,0.44347,1.86064,0.000950242,0.000950242,0.000950242
149,1025.02,0.1487,0.15077,0.90887,0.99157,0.9972,0.99487,0.87693,0.71974,0.4159,1.84761,0.000949575,0.000949575,0.000949575
150,1101.25,0.15439,0.15049,0.90879,0.99272,0.98729,0.98173,0.80009,0.86664,0.54475,1.98138,0.000948903,0.000948903,0.000948903
151,1040.6,0.15249,0.16509,0.90013,0.99518,1,0.99411,0.80629,0.93295,0.60351,2.00426,0.000948228,0.000948228,0.000948228
152,1047.83,0.13296,0.14921,0.89791,0.99957,1,0.995,0.75481,0.9466,0.53044,2.00377,0.000947549,0.000947549,0.000947549
153,1055.04,0.13816,0.14145,0.89685,0.99945,1,0.995,0.74914,1.11489,0.46682,2.30079,0.000946865,0.000946865,0.000946865
154,1062.13,0.14791,0.14757,0.9084,1,0.99989,0.995,0.75155,1.12044,0.42189,2.36464,0.000946177,0.000946177,0.000946177
155,1069.35,0.14128,0.14961,0.89124,0.99068,0.99576,0.99347,0.82604,0.96102,0.40456,2.02909,0.000945485,0.000945485,0.000945485
156,1076.62,0.15163,0.14963,0.9081,0.97628,1,0.99131,0.81599,0.88764,0.48426,1.82503,0.000944789,0.000944789,0.000944789
157,1083.82,0.13705,0.14744,0.90067,0.96693,0.99117,0.98734,0.80964,0.89021,0.58639,1.83981,0.000944088,0.000944088,0.000944088
158,1090.95,0.13939,0.13527,0.90505,0.96095,1,0.98344,0.83399,0.80717,0.50049,1.76094,0.000943384,0.000943384,0.000943384
159,1098.17,0.14205,0.14144,0.90271,0.98165,1,0.98797,0.83745,0.79233,0.44483,1.87973,0.000942675,0.000942675,0.000942675
160,1105.26,0.14997,0.14774,0.91214,0.97657,0.99153,0.99336,0.84689,0.80735,0.51103,1.79627,0.000941963,0.000941963,0.000941963
161,1112.4,0.13963,0.1303,0.91031,0.94491,0.99576,0.98102,0.737,1.19857,0.68353,2.05548,0.000941246,0.000941246,0.000941246
162,1119.5,0.13966,0.1491,0.89529,0.93927,0.78641,0.89807,0.65458,1.52628,1.03064,2.09037,0.000940525,0.000940525,0.000940525
163,1126.66,0.14726,0.14413,0.91686,0.98882,0.74969,0.89613,0.804,0.98168,0.96158,1.7474,0.0009398,0.0009398,0.0009398
164,1133.84,0.13421,0.13796,0.90207,0.92891,0.89831,0.97546,0.88434,0.65076,0.67995,1.65546,0.000939071,0.000939071,0.000939071
165,1141.14,0.13396,0.13826,0.89731,0.92336,0.91886,0.96355,0.81924,0.71871,0.7959,1.76767,0.000938337,0.000938337,0.000938337
166,1148.27,0.12575,0.13682,0.88713,0.85167,0.68123,0.86043,0.61706,1.25168,1.37592,1.95811,0.0009376,0.0009376,0.0009376
167,1155.35,0.12976,0.13876,0.89902,0.58196,0.38932,0.46486,0.19838,2.03098,3.23403,2.03324,0.000936859,0.000936859,0.000936859
168,1162.46,0.13284,0.13192,0.89731,0.95875,0.7161,0.74742,0.5114,1.10394,2.50994,1.64398,0.000936113,0.000936113,0.000936113
169,1169.58,0.12886,0.13648,0.89203,0.98332,0.74935,0.74915,0.69771,0.70632,2.4715,1.43453,0.000935364,0.000935364,0.000935364
170,1176.68,0.12623,0.13207,0.90113,0.98238,0.74576,0.75336,0.70856,0.75421,2.59555,1.41454,0.00093461,0.00093461,0.00093461
171,1183.86,0.13675,0.14584,0.90479,0.93241,0.72034,0.7478,0.57895,1.17534,2.96261,1.53064,0.000933852,0.000933852,0.000933852
172,1190.88,0.1454,0.14983,0.89692,0.98283,0.72771,0.77411,0.75712,1.15296,2.58252,1.57073,0.000933091,0.000933091,0.000933091
173,1197.93,0.13063,0.13719,0.8968,0.99438,0.74929,0.86891,0.78673,0.95721,0.97967,1.61712,0.000932325,0.000932325,0.000932325
174,1205.06,0.14073,0.14773,0.9034,0.93444,0.92373,0.98048,0.90376,0.50981,0.50919,1.52522,0.000931555,0.000931555,0.000931555
175,1212.49,0.12526,0.13498,0.88763,0.99524,1,0.99479,0.90751,0.51186,0.32371,1.65064,0.000930782,0.000930782,0.000930782
176,1219.91,0.11939,0.13273,0.89555,0.99521,1,0.995,0.8226,0.62142,0.34601,1.90872,0.000930004,0.000930004,0.000930004
177,1227.16,0.11883,0.12919,0.91324,0.99908,1,0.995,0.75242,1.10599,0.52337,3.26802,0.000929222,0.000929222,0.000929222
178,1234.27,0.13042,0.14135,0.89302,0.9972,0.99576,0.995,0.74251,1.18787,0.45602,3.27365,0.000928437,0.000928437,0.000928437
179,1241.43,0.12702,0.14549,0.89455,0.99527,1,0.995,0.66258,1.28819,0.46171,3.12808,0.000927647,0.000927647,0.000927647
180,1248.56,0.12704,0.13528,0.8948,0.99671,1,0.995,0.67901,1.29843,0.49003,3.0878,0.000926853,0.000926853,0.000926853
181,1255.87,0.12462,0.13251,0.89832,0.99037,1,0.99419,0.76129,1.11265,0.59925,2.53352,0.000926056,0.000926056,0.000926056
182,1262.99,0.12571,0.13778,0.90186,0.99514,1,0.99407,0.69294,1.32527,0.64297,2.82955,0.000925254,0.000925254,0.000925254
183,1270.2,0.13348,0.13355,0.90795,1,0.74983,0.93973,0.51907,1.83362,1.95712,2.53622,0.000924449,0.000924449,0.000924449
184,1277.43,0.11988,0.13555,0.90087,0.98719,0.97979,0.98957,0.55105,1.88363,1.14214,2.59851,0.000923639,0.000923639,0.000923639
185,1284.7,0.12533,0.13025,0.8979,0.9791,0.99268,0.9781,0.66896,1.59096,0.85111,2.6395,0.000922826,0.000922826,0.000922826
186,1291.87,0.12474,0.14109,0.89498,0.811,1,0.9823,0.72529,1.43618,0.99764,2.3479,0.000922008,0.000922008,0.000922008
187,1299.06,0.12632,0.14925,0.91397,0.94024,1,0.98115,0.89022,0.86792,0.84074,1.82872,0.000921187,0.000921187,0.000921187
188,1306.29,0.12197,0.13081,0.90004,0.98184,1,0.98754,0.8079,0.91368,0.68043,1.98865,0.000920362,0.000920362,0.000920362
189,1313.69,0.12586,0.13272,0.90283,0.99156,0.99519,0.99359,0.56579,1.22756,1.00778,1.99348,0.000919533,0.000919533,0.000919533
190,1320.9,0.12565,0.13691,0.90504,0.97724,0.99576,0.98104,0.55475,1.36713,0.9893,2.00771,0.0009187,0.0009187,0.0009187
191,1328.02,0.13661,0.14648,0.89384,0.99081,1,0.99383,0.85941,0.87889,0.50315,1.8496,0.000917863,0.000917863,0.000917863
192,1335.3,0.13224,0.14084,0.91534,0.99738,1,0.995,0.90477,0.55959,0.27743,1.79899,0.000917023,0.000917023,0.000917023
193,1342.44,0.12157,0.13262,0.90225,1,0.99923,0.995,0.84029,0.70012,0.49622,2.10211,0.000916178,0.000916178,0.000916178
194,1349.52,0.11721,0.1221,0.90313,0.99919,0.94915,0.94861,0.71709,1.09615,0.41169,3.05404,0.00091533,0.00091533,0.00091533
195,1356.67,0.1224,0.13153,0.89991,0.99891,1,0.995,0.83586,0.86786,0.34354,2.47265,0.000914477,0.000914477,0.000914477
196,1431.8,0.11549,0.13698,0.90458,0.99453,1,0.99462,0.83651,0.73738,0.34556,2.09487,0.000913621,0.000913621,0.000913621
197,1371.27,0.12387,0.12849,0.8896,0.97091,0.98997,0.99273,0.86493,0.57655,0.43575,1.67365,0.000912761,0.000912761,0.000912761
198,1378.5,0.12258,0.13604,0.89652,0.96943,0.99153,0.99407,0.9062,0.56264,0.3921,1.64167,0.000911897,0.000911897,0.000911897
199,1385.63,0.13148,0.13567,0.90199,0.97495,0.98967,0.99385,0.90662,0.68327,0.44422,1.76858,0.00091103,0.00091103,0.00091103
200,1392.86,0.12762,0.13922,0.89333,0.99525,1,0.99466,0.91384,0.64984,0.40101,1.77909,0.000910158,0.000910158,0.000910158
201,1400.37,0.12094,0.12444,0.89236,0.99953,0.88559,0.89927,0.80918,0.56489,0.3111,1.69783,0.000909283,0.000909283,0.000909283
202,1407.58,0.12722,0.13462,0.9058,0.99953,1,0.995,0.9176,0.57448,0.28805,1.72045,0.000908404,0.000908404,0.000908404
203,1414.84,0.12456,0.13597,0.90355,0.99944,0.91949,0.937,0.8678,0.5369,0.25933,1.66751,0.000907521,0.000907521,0.000907521
204,1421.99,0.11733,0.12497,0.90974,0.99887,1,0.995,0.93621,0.48446,0.24286,1.61427,0.000906635,0.000906635,0.000906635
205,1429.36,0.11504,0.12786,0.88338,0.98942,0.9322,0.95095,0.90755,0.38034,0.19752,1.5023,0.000905744,0.000905744,0.000905744
206,1436.55,0.1134,0.12395,0.88375,0.99429,1,0.99492,0.93856,0.42503,0.25511,1.49227,0.00090485,0.00090485,0.00090485
207,1511.93,0.12091,0.1286,0.89253,0.98481,1,0.99341,0.90303,0.68859,0.50319,1.75943,0.000903952,0.000903952,0.000903952
208,1451.14,0.11689,0.12897,0.89868,0.99367,1,0.995,0.77753,1.0938,0.60845,2.46575,0.000903051,0.000903051,0.000903051
209,1458.2,0.12437,0.13225,0.90257,0.99771,1,0.995,0.78923,0.9001,0.51334,2.39955,0.000902145,0.000902145,0.000902145
210,1465.3,0.11868,0.13493,0.90449,0.99735,1,0.995,0.79366,0.99807,0.53968,2.70188,0.000901236,0.000901236,0.000901236
211,1472.39,0.12337,0.1301,0.89327,0.99734,1,0.995,0.77683,1.04587,0.5822,2.68452,0.000900324,0.000900324,0.000900324
212,1479.48,0.12571,0.13939,0.9057,0.99782,1,0.995,0.76928,0.98219,0.79837,2.43071,0.000899407,0.000899407,0.000899407
213,1486.83,0.12266,0.12817,0.90355,0.99487,1,0.995,0.75372,1.13087,0.397,2.93113,0.000898487,0.000898487,0.000898487
214,1493.73,0.11797,0.12497,0.9079,0.97289,1,0.99363,0.74569,1.14187,0.46298,2.95656,0.000897563,0.000897563,0.000897563
215,1500.81,0.12155,0.12974,0.89992,0.97554,0.84513,0.93519,0.70005,1.26189,0.82424,2.92579,0.000896636,0.000896636,0.000896636
216,1507.92,0.12024,0.13205,0.90197,0.97486,0.98573,0.99298,0.80636,0.82986,0.52502,2.0171,0.000895704,0.000895704,0.000895704
217,1514.97,0.12749,0.12772,0.90469,0.99507,0.90254,0.91149,0.73686,0.5966,0.36526,1.92695,0.00089477,0.00089477,0.00089477
218,1522.06,0.11999,0.13857,0.89888,0.99865,1,0.995,0.80042,0.72595,0.38932,2.05021,0.000893831,0.000893831,0.000893831
219,1597.01,0.12494,0.13452,0.8919,0.98726,1,0.99403,0.79015,0.89108,0.45289,2.32845,0.000892889,0.000892889,0.000892889
220,1536.22,0.11692,0.13631,0.88371,0.98993,1,0.99069,0.74128,1.01891,0.66757,2.66601,0.000891943,0.000891943,0.000891943
221,1543.35,0.12815,0.13441,0.90722,0.97972,1,0.98774,0.72654,1.06991,0.83449,2.62974,0.000890994,0.000890994,0.000890994
222,1550.4,0.11519,0.12785,0.8978,0.99406,1,0.99154,0.75408,0.89623,0.60803,2.22677,0.000890041,0.000890041,0.000890041
223,1557.47,0.11859,0.13139,0.90798,0.9568,0.93848,0.97529,0.7429,0.88195,0.67061,2.0023,0.000889084,0.000889084,0.000889084
224,1564.56,0.11481,0.12273,0.88999,0.81789,0.92373,0.89472,0.46473,1.24224,1.21424,2.37843,0.000888124,0.000888124,0.000888124
225,1571.8,0.11264,0.13393,0.89123,0.88671,0.92797,0.9555,0.51988,1.36398,0.99648,2.30719,0.00088716,0.00088716,0.00088716
226,1578.98,0.11382,0.13001,0.89333,0.84238,0.9322,0.94294,0.568,1.25656,0.8438,2.17489,0.000886193,0.000886193,0.000886193
227,1586.14,0.11399,0.13786,0.89651,0.85118,0.7161,0.82833,0.65765,0.98351,1.11673,1.83192,0.000885222,0.000885222,0.000885222
228,1593.47,0.11067,0.12588,0.89127,0.98504,0.83051,0.87875,0.81772,0.6097,1.3794,1.49243,0.000884247,0.000884247,0.000884247
229,1600.78,0.11781,0.1339,0.90399,0.99522,1,0.99416,0.93062,0.49974,0.27453,1.66772,0.000883269,0.000883269,0.000883269
230,1607.83,0.10902,0.12043,0.88857,0.99095,1,0.99373,0.91985,0.55226,0.29084,1.64964,0.000882288,0.000882288,0.000882288
231,1614.98,0.11949,0.13879,0.90519,0.98266,0.99576,0.99242,0.91215,0.54274,0.26447,1.58361,0.000881303,0.000881303,0.000881303
232,1622.05,0.11128,0.12652,0.90022,0.97963,0.85169,0.90724,0.82561,0.70271,0.70436,1.63206,0.000880314,0.000880314,0.000880314
233,1697.32,0.11601,0.12849,0.89753,0.96977,0.75,0.76423,0.64766,0.9712,2.10985,1.62913,0.000879322,0.000879322,0.000879322
234,1636.64,0.11648,0.12718,0.91824,0.21391,0.53814,0.23558,0.13844,1.3359,3.45978,1.67677,0.000878326,0.000878326,0.000878326
235,1643.79,0.11327,0.12129,0.8886,0.18841,0.0678,0.07066,0.03463,2.08099,5.3636,2.34355,0.000877327,0.000877327,0.000877327
236,1651.09,0.10887,0.12358,0.89615,0.45996,0.58475,0.40014,0.15075,1.95701,3.87551,2.41654,0.000876325,0.000876325,0.000876325
237,1658.35,0.10337,0.11797,0.89354,0.49514,0.73556,0.49255,0.10346,3.15341,3.10229,3.98736,0.000875319,0.000875319,0.000875319
238,1665.62,0.12031,0.13296,0.89415,0.49622,0.72621,0.68389,0.15635,3.20988,2.54497,3.96521,0.000874309,0.000874309,0.000874309
239,1672.78,0.12131,0.13604,0.9122,0.44048,0.69492,0.42811,0.17959,1.71936,2.77518,2.45703,0.000873296,0.000873296,0.000873296
240,1679.97,0.12146,0.12968,0.90387,0.95837,0.78033,0.87125,0.73177,0.79423,1.28296,2.05275,0.00087228,0.00087228,0.00087228
241,1687.24,0.12905,0.13771,0.91032,0.94368,0.85198,0.95355,0.74753,0.91603,0.87333,2.19423,0.00087126,0.00087126,0.00087126
242,1694.38,0.12085,0.12739,0.89397,0.95443,0.75,0.87081,0.66932,1.06691,1.15571,2.56675,0.000870237,0.000870237,0.000870237
243,1701.68,0.13494,0.13026,0.89662,0.94177,0.9594,0.98749,0.82174,0.75097,0.54432,1.88647,0.00086921,0.00086921,0.00086921
244,1708.89,0.11575,0.13152,0.89828,0.98677,1,0.99319,0.85498,0.65849,0.36281,1.79857,0.00086818,0.00086818,0.00086818
245,1716.17,0.12052,0.13589,0.89566,0.97055,1,0.98698,0.85405,0.69491,0.37446,1.76822,0.000867147,0.000867147,0.000867147
246,1723.36,0.12724,0.14038,0.89274,0.96009,1,0.98925,0.88882,0.61915,0.41552,1.66737,0.00086611,0.00086611,0.00086611
247,1730.64,0.12215,0.1262,0.88792,0.96296,0.99158,0.98849,0.9122,0.51617,0.46883,1.56262,0.00086507,0.00086507,0.00086507
248,1737.75,0.10824,0.12148,0.89248,0.95483,0.98533,0.98879,0.91229,0.48001,0.48079,1.52252,0.000864026,0.000864026,0.000864026
249,1745.07,0.10572,0.12518,0.8811,0.90605,0.89905,0.97731,0.88437,0.66626,0.70394,1.52992,0.000862979,0.000862979,0.000862979
250,1752.27,0.11234,0.12739,0.89704,0.95414,0.96982,0.98868,0.86196,0.78484,0.64023,1.6907,0.000861929,0.000861929,0.000861929
251,1759.35,0.10594,0.11951,0.88702,0.98958,1,0.99415,0.81259,0.807,0.50432,1.77887,0.000860876,0.000860876,0.000860876
252,1766.53,0.10394,0.11371,0.89493,0.9861,0.90205,0.99229,0.86752,0.664,0.58715,1.5079,0.000859819,0.000859819,0.000859819
253,1773.77,0.10507,0.12248,0.88648,0.944,1,0.99273,0.92488,0.67337,0.69827,1.41789,0.000858759,0.000858759,0.000858759
254,1780.87,0.1075,0.11633,0.91286,0.99686,0.82203,0.9875,0.87401,0.78386,0.79119,1.46591,0.000857695,0.000857695,0.000857695
255,1788.13,0.10705,0.11796,0.8887,0.99084,0.99576,0.99458,0.86732,0.77517,0.52473,1.65056,0.000856629,0.000856629,0.000856629
256,1795.25,0.11045,0.12326,0.90274,0.99968,0.88559,0.9026,0.75353,0.89399,0.35846,2.08232,0.000855559,0.000855559,0.000855559
257,1802.44,0.1135,0.13047,0.8773,0.99938,1,0.995,0.79237,0.9086,0.39102,2.11185,0.000854485,0.000854485,0.000854485
258,1809.87,0.09879,0.11482,0.90111,0.99126,1,0.99403,0.7534,1.08961,0.41625,2.4731,0.000853409,0.000853409,0.000853409
259,1816.56,0.10714,0.12409,0.89096,0.99976,1,0.995,0.7521,1.06484,0.41833,2.71266,0.000852329,0.000852329,0.000852329
260,1824.04,0.10454,0.11898,0.90523,0.99942,1,0.995,0.84086,0.93039,0.43147,2.37702,0.000851246,0.000851246,0.000851246
261,1831.25,0.10387,0.12213,0.89357,0.99461,0.99576,0.995,0.77851,0.92412,0.39309,2.42876,0.00085016,0.00085016,0.00085016
262,1838.33,0.10882,0.12989,0.89386,1,0.99927,0.995,0.83657,0.84267,0.31633,2.28593,0.00084907,0.00084907,0.00084907
263,1845.34,0.10904,0.12437,0.88608,0.99156,0.99534,0.99311,0.83777,0.74306,0.36343,2.02018,0.000847978,0.000847978,0.000847978
264,1852.48,0.10839,0.12098,0.89266,0.99156,0.99614,0.99089,0.87139,0.5898,0.39758,1.7634,0.000846882,0.000846882,0.000846882
265,1859.53,0.11547,0.12327,0.87881,0.98651,0.99576,0.9893,0.8932,0.65433,0.45432,1.76211,0.000845783,0.000845783,0.000845783
266,1866.57,0.11087,0.12199,0.90072,0.99156,0.99537,0.9896,0.83658,0.73795,0.43496,1.88746,0.000844681,0.000844681,0.000844681
267,1873.6,0.12656,0.13372,0.91851,0.99112,0.99576,0.99063,0.83893,0.79729,0.47496,1.94723,0.000843576,0.000843576,0.000843576
268,1880.68,0.10821,0.12926,0.9015,0.99118,1,0.99082,0.87976,0.80209,0.53416,1.78959,0.000842467,0.000842467,0.000842467
269,1887.78,0.111,0.12464,0.88971,0.97468,1,0.989,0.86884,0.7861,0.5786,1.77827,0.000841356,0.000841356,0.000841356
270,1962.65,0.10708,0.12647,0.89141,0.97882,1,0.98869,0.8451,0.73771,0.50459,1.77233,0.000840241,0.000840241,0.000840241
271,1901.99,0.10658,0.11673,0.90022,0.98655,0.99576,0.98935,0.8513,0.68692,0.44056,1.76172,0.000839123,0.000839123,0.000839123
272,1909.08,0.10725,0.12965,0.90037,0.98638,0.99153,0.99326,0.85669,0.78753,0.42993,2.04818,0.000838002,0.000838002,0.000838002
273,1916.24,0.11861,0.13597,0.89591,0.99118,1,0.99335,0.83761,0.90703,0.37593,2.05872,0.000836878,0.000836878,0.000836878
274,1923.4,0.10778,0.12223,0.89832,0.99486,1,0.9942,0.78368,1.03036,0.39938,2.17162,0.000835751,0.000835751,0.000835751
275,1930.58,0.11466,0.12332,0.87423,0.9883,1,0.99384,0.78553,0.98459,0.46162,2.17521,0.000834621,0.000834621,0.000834621
276,1937.74,0.0996,0.11367,0.88471,0.96982,0.99576,0.99333,0.79548,0.96111,0.46046,2.13566,0.000833488,0.000833488,0.000833488
277,2012.79,0.10521,0.11981,0.88032,0.97856,0.99576,0.99396,0.79212,0.96656,0.45022,2.09006,0.000832352,0.000832352,0.000832352
278,1951.96,0.10496,0.11767,0.89291,0.99119,1,0.99487,0.747,1.18498,0.4698,2.2982,0.000831212,0.000831212,0.000831212
279,1959.23,0.11325,0.11539,0.89364,0.99415,1,0.995,0.73228,1.3498,0.52889,2.43953,0.00083007,0.00083007,0.00083007
280,1966.55,0.10446,0.11963,0.90357,0.99028,1,0.99483,0.88466,0.6409,0.33565,1.55727,0.000828925,0.000828925,0.000828925
281,1973.81,0.1073,0.12235,0.89933,0.96714,0.99773,0.99314,0.82171,0.82975,0.43415,1.69965,0.000827776,0.000827776,0.000827776
282,1981.07,0.10283,0.11832,0.89561,0.99674,0.99153,0.995,0.82945,0.86236,0.63567,2.08609,0.000826625,0.000826625,0.000826625
283,1988.29,0.10976,0.11402,0.89059,0.99832,1,0.995,0.82352,0.93018,0.82981,2.14489,0.000825471,0.000825471,0.000825471
284,1995.68,0.10526,0.11842,0.91353,1,0.99406,0.995,0.9148,0.61823,0.42082,1.62036,0.000824314,0.000824314,0.000824314
285,2002.94,0.10823,0.12189,0.89707,0.9995,1,0.995,0.87567,0.74192,0.53874,1.8681,0.000823153,0.000823153,0.000823153
286,2077.95,0.10509,0.12011,0.88755,0.99847,1,0.995,0.77911,0.88632,0.54977,2.10919,0.00082199,0.00082199,0.00082199
287,2017.4,0.10714,0.1226,0.89132,0.98866,1,0.99449,0.77738,0.85496,0.52779,2.0927,0.000820824,0.000820824,0.000820824
288,2024.62,0.09886,0.11318,0.88664,0.97813,1,0.99231,0.84552,0.67881,0.38535,1.84632,0.000819655,0.000819655,0.000819655
289,2031.88,0.1003,0.11269,0.89113,0.98195,1,0.9896,0.91117,0.5246,0.32251,1.63248,0.000818483,0.000818483,0.000818483
290,2039.2,0.10256,0.1186,0.8956,0.97417,0.99576,0.9886,0.9183,0.47242,0.34493,1.58874,0.000817309,0.000817309,0.000817309
291,2046.61,0.10222,0.11345,0.88126,0.97675,0.90254,0.96439,0.84122,0.65801,0.50013,1.80301,0.000816131,0.000816131,0.000816131
292,2053.91,0.10288,0.10964,0.90688,0.97583,0.85524,0.90654,0.77624,0.80484,0.76697,1.9601,0.00081495,0.00081495,0.00081495
293,2061.25,0.10346,0.10836,0.89374,0.97505,0.84746,0.91396,0.74674,0.93571,0.77962,2.31305,0.000813767,0.000813767,0.000813767
294,2068.34,0.10811,0.11657,0.88908,0.97601,0.86185,0.95897,0.76077,0.96737,0.6422,2.42919,0.000812581,0.000812581,0.000812581
295,2075.53,0.10163,0.11292,0.88736,0.99012,0.84947,0.96584,0.74648,1.07212,0.59887,2.53821,0.000811392,0.000811392,0.000811392
296,2082.7,0.1038,0.11242,0.87928,0.97994,0.82801,0.94785,0.72767,1.1262,0.64847,2.28524,0.0008102,0.0008102,0.0008102
297,2089.98,0.10512,0.10971,0.89524,0.97638,0.7839,0.87063,0.69679,1.29317,0.97637,2.23901,0.000809005,0.000809005,0.000809005
298,2097.16,0.11655,0.11842,0.8992,0.97926,0.80012,0.87239,0.69147,1.24283,0.89133,2.27047,0.000807807,0.000807807,0.000807807
299,2104.26,0.10088,0.11341,0.89598,0.95707,0.80932,0.86033,0.7272,1.05825,0.77154,1.97542,0.000806607,0.000806607,0.000806607
300,2111.56,0.11268,0.12237,0.89218,0.98972,0.81616,0.89765,0.70959,1.12062,0.68779,2.23133,0.000805404,0.000805404,0.000805404
301,2118.76,0.1073,0.11787,0.89322,0.98468,0.82627,0.89953,0.69057,1.22963,0.61309,2.73975,0.000804198,0.000804198,0.000804198
302,2125.83,0.10167,0.10798,0.90154,0.98989,0.83013,0.92493,0.70025,1.26754,0.66987,3.0132,0.000802989,0.000802989,0.000802989
303,2133.04,0.10585,0.12678,0.8954,0.98871,0.83898,0.91131,0.6937,1.31795,0.75856,2.97843,0.000801778,0.000801778,0.000801778
304,2140.32,0.1185,0.12592,0.8978,0.98319,0.82203,0.88364,0.68474,1.29178,0.79635,2.93705,0.000800564,0.000800564,0.000800564
305,2147.42,0.09943,0.11846,0.89448,0.96981,0.81678,0.88257,0.67322,1.31348,0.82599,2.65865,0.000799347,0.000799347,0.000799347
306,2154.64,0.10584,0.12667,0.88832,0.96683,0.83898,0.92187,0.70014,1.18435,0.72755,2.31029,0.000798127,0.000798127,0.000798127
